url	first_seen	portal	title	company	status
https://job-boards.greenhouse.io/anthropic/jobs/4502508008	2026-04-27	greenhouse-api	Application Security Engineer	Anthropic	added
https://job-boards.greenhouse.io/anthropic/jobs/5156057008	2026-04-27	greenhouse-api	Data Engineer, Safeguards	Anthropic	added
https://job-boards.greenhouse.io/anthropic/jobs/5186669008	2026-04-27	greenhouse-api	Finance Systems Engineer, Revenue	Anthropic	added
https://job-boards.greenhouse.io/anthropic/jobs/5012991008	2026-04-27	greenhouse-api	Forward Deployed Engineer	Anthropic	added
https://job-boards.greenhouse.io/anthropic/jobs/4985877008	2026-04-27	greenhouse-api	Forward Deployed Engineer, Applied AI	Anthropic	added
https://job-boards.greenhouse.io/anthropic/jobs/5079562008	2026-04-27	greenhouse-api	Forward Deployed Engineer, Federal Civilian	Anthropic	added
https://job-boards.greenhouse.io/anthropic/jobs/4980335008	2026-04-27	greenhouse-api	GRC Engineering Manager	Anthropic	added
https://job-boards.greenhouse.io/anthropic/jobs/5064817008	2026-04-27	greenhouse-api	Head of Solutions Architects, Applied AI (Korea)	Anthropic	added
https://job-boards.greenhouse.io/anthropic/jobs/5030680008	2026-04-27	greenhouse-api	Infrastructure Engineer, Sandboxing	Anthropic	added
https://job-boards.greenhouse.io/anthropic/jobs/4887952008	2026-04-27	greenhouse-api	IT Systems Engineer, Corporate Systems & Infrastructure	Anthropic	added
https://job-boards.greenhouse.io/anthropic/jobs/5161882008	2026-04-27	greenhouse-api	IT Systems Engineer, Enterprise SaaS	Anthropic	added
https://job-boards.greenhouse.io/anthropic/jobs/5193986008	2026-04-27	greenhouse-api	Lead, Data Center Physical Security Operations (North America)	Anthropic	added
https://job-boards.greenhouse.io/anthropic/jobs/4952079008	2026-04-27	greenhouse-api	Machine Learning Systems Engineer, Research Tools	Anthropic	added
https://job-boards.greenhouse.io/anthropic/jobs/4952051008	2026-04-27	greenhouse-api	Machine Learning Systems Engineer, RL Engineering	Anthropic	added
https://job-boards.greenhouse.io/anthropic/jobs/5099753008	2026-04-27	greenhouse-api	Manager, Forward Deployed Engineering	Anthropic	added
https://job-boards.greenhouse.io/anthropic/jobs/5183983008	2026-04-27	greenhouse-api	Manager of Forward Deployed Engineering	Anthropic	added
https://job-boards.greenhouse.io/anthropic/jobs/4964610008	2026-04-27	greenhouse-api	Manager of Solutions Architecture, Applied AI (Industries)	Anthropic	added
https://job-boards.greenhouse.io/anthropic/jobs/4778843008	2026-04-27	greenhouse-api	ML Infrastructure Engineer, Safeguards	Anthropic	added
https://job-boards.greenhouse.io/anthropic/jobs/4950664008	2026-04-27	greenhouse-api	Partner Solutions Architect, Applied AI	Anthropic	added
https://job-boards.greenhouse.io/anthropic/jobs/5025624008	2026-04-27	greenhouse-api	Research Engineer, Cybersecurity Reinforcement Learning	Anthropic	added
https://job-boards.greenhouse.io/anthropic/jobs/4982193008	2026-04-27	greenhouse-api	Security Engineer, Detection & Response	Anthropic	added
https://job-boards.greenhouse.io/anthropic/jobs/5135098008	2026-04-27	greenhouse-api	Security Engineer Lead, Corporate Security	Anthropic	added
https://job-boards.greenhouse.io/anthropic/jobs/5105509008	2026-04-27	greenhouse-api	Security Engineer, Offensive Security	Anthropic	added
https://job-boards.greenhouse.io/anthropic/jobs/5195705008	2026-04-27	greenhouse-api	Security Engineer - Threat Intel	Anthropic	added
https://job-boards.greenhouse.io/anthropic/jobs/4887959008	2026-04-27	greenhouse-api	Senior Software Security Engineer	Anthropic	added
https://job-boards.greenhouse.io/anthropic/jobs/5063007008	2026-04-27	greenhouse-api	Software Engineer, Cybersecurity Products	Anthropic	added
https://job-boards.greenhouse.io/anthropic/jobs/5126080008	2026-04-27	greenhouse-api	Solutions Architect, National Security	Anthropic	added
https://job-boards.greenhouse.io/anthropic/jobs/5120512008	2026-04-27	greenhouse-api	Staff+ Software Security Engineer	Anthropic	added
https://job-boards.greenhouse.io/anthropic/jobs/5123769008	2026-04-27	greenhouse-api	Technical Program Manager, Security (Coordinated Vulnerability Disclosure)	Anthropic	added
https://boards.greenhouse.io/cloudflare/jobs/7525971?gh_jid=7525971	2026-04-27	greenhouse-api	Application Performance and Security Solutions Engineer	Cloudflare	added
https://boards.greenhouse.io/cloudflare/jobs/7817923?gh_jid=7817923	2026-04-27	greenhouse-api	Associate Solutions Engineer	Cloudflare	added
https://boards.greenhouse.io/cloudflare/jobs/7504381?gh_jid=7504381	2026-04-27	greenhouse-api	Customer Solutions Engineer	Cloudflare	added
https://boards.greenhouse.io/cloudflare/jobs/7610334?gh_jid=7610334	2026-04-27	greenhouse-api	Customer Solutions Engineer 	Cloudflare	added
https://boards.greenhouse.io/cloudflare/jobs/7667911?gh_jid=7667911	2026-04-27	greenhouse-api	Customer Solutions Engineer, ANZ	Cloudflare	added
https://boards.greenhouse.io/cloudflare/jobs/7495512?gh_jid=7495512	2026-04-27	greenhouse-api	Customer Solutions Engineer - Mandarin or Cantonese Speaking	Cloudflare	added
https://boards.greenhouse.io/cloudflare/jobs/7736431?gh_jid=7736431	2026-04-27	greenhouse-api	Data Center Infrastructure Management (DCIM) Administrator - Infrastructure Operations	Cloudflare	added
https://boards.greenhouse.io/cloudflare/jobs/7591836?gh_jid=7591836	2026-04-27	greenhouse-api	Digital Customer Solutions Engineer (AMER)	Cloudflare	added
https://boards.greenhouse.io/cloudflare/jobs/7591808?gh_jid=7591808	2026-04-27	greenhouse-api	Digital Customer Solutions Engineer (APAC/EMEA)	Cloudflare	added
https://boards.greenhouse.io/cloudflare/jobs/7547171?gh_jid=7547171	2026-04-27	greenhouse-api	Director, Partner Solutions Engineering EMEA	Cloudflare	added
https://boards.greenhouse.io/cloudflare/jobs/4886734?gh_jid=4886734	2026-04-27	greenhouse-api	Distributed Systems Engineer - Data Platform - Analytical Database Platform	Cloudflare	added
https://boards.greenhouse.io/cloudflare/jobs/7340474?gh_jid=7340474	2026-04-27	greenhouse-api	Distributed Systems Engineer - Data Platform - Analytics and Alerts	Cloudflare	added
https://boards.greenhouse.io/cloudflare/jobs/7267602?gh_jid=7267602	2026-04-27	greenhouse-api	Distributed Systems Engineer - Data Platform (Delivery, Database, Retrieval)	Cloudflare	added
https://boards.greenhouse.io/cloudflare/jobs/7340469?gh_jid=7340469	2026-04-27	greenhouse-api	Distributed Systems Engineer - Data Platform - Logs and Audit Logs	Cloudflare	added
https://boards.greenhouse.io/cloudflare/jobs/7591913?gh_jid=7591913	2026-04-27	greenhouse-api	Escalation Engineer, Zero Trust	Cloudflare	added
https://boards.greenhouse.io/cloudflare/jobs/6660802?gh_jid=6660802	2026-04-27	greenhouse-api	Field Solutions Engineer 	Cloudflare	added
https://boards.greenhouse.io/cloudflare/jobs/7778849?gh_jid=7778849	2026-04-27	greenhouse-api	Forward Deployed Engineer	Cloudflare	added
https://boards.greenhouse.io/cloudflare/jobs/7483707?gh_jid=7483707	2026-04-27	greenhouse-api	IAM Security Engineer	Cloudflare	added
https://boards.greenhouse.io/cloudflare/jobs/7767865?gh_jid=7767865	2026-04-27	greenhouse-api	Manager, Solutions Engineering (iGaming & Web3)	Cloudflare	added
https://boards.greenhouse.io/cloudflare/jobs/7210482?gh_jid=7210482	2026-04-27	greenhouse-api	Partner Solutions Engineer, UK&I	Cloudflare	added
https://boards.greenhouse.io/cloudflare/jobs/7404591?gh_jid=7404591	2026-04-27	greenhouse-api	Principal Billing Systems Engineer	Cloudflare	added
https://boards.greenhouse.io/cloudflare/jobs/7559916?gh_jid=7559916	2026-04-27	greenhouse-api	Principal Customer Solutions Engineer	Cloudflare	added
https://boards.greenhouse.io/cloudflare/jobs/7814877?gh_jid=7814877	2026-04-27	greenhouse-api	Principal Solutions Architect	Cloudflare	added
https://boards.greenhouse.io/cloudflare/jobs/7488760?gh_jid=7488760	2026-04-27	greenhouse-api	Principal Systems Engineer, Data	Cloudflare	added
https://boards.greenhouse.io/cloudflare/jobs/7267426?gh_jid=7267426	2026-04-27	greenhouse-api	Principal Systems Engineer, FL	Cloudflare	added
https://boards.greenhouse.io/cloudflare/jobs/7267394?gh_jid=7267394	2026-04-27	greenhouse-api	Principal Systems Engineer, IPC	Cloudflare	added
https://boards.greenhouse.io/cloudflare/jobs/7677798?gh_jid=7677798	2026-04-27	greenhouse-api	Senior Customer Solutions Engineer	Cloudflare	added
https://boards.greenhouse.io/cloudflare/jobs/6393993?gh_jid=6393993	2026-04-27	greenhouse-api	Senior Majors Accounts Solutions Engineer	Cloudflare	added
https://boards.greenhouse.io/cloudflare/jobs/7378442?gh_jid=7378442	2026-04-27	greenhouse-api	Senior Majors Solutions Engineer	Cloudflare	added
https://boards.greenhouse.io/cloudflare/jobs/7469508?gh_jid=7469508	2026-04-27	greenhouse-api	Senior Manager, Solutions Architecture, AI & Developer Platform	Cloudflare	added
https://boards.greenhouse.io/cloudflare/jobs/7493333?gh_jid=7493333	2026-04-27	greenhouse-api	Senior Manager, Solutions Engineering	Cloudflare	added
https://boards.greenhouse.io/cloudflare/jobs/7439830?gh_jid=7439830	2026-04-27	greenhouse-api	Senior Manager, Solutions Engineering Northern Europe	Cloudflare	added
https://boards.greenhouse.io/cloudflare/jobs/7761342?gh_jid=7761342	2026-04-27	greenhouse-api	Senior Manager, Solutions Engineering UKI 	Cloudflare	added
https://boards.greenhouse.io/cloudflare/jobs/6539277?gh_jid=6539277	2026-04-27	greenhouse-api	Senior Named Solutions Engineer, Public Sector   	Cloudflare	added
https://boards.greenhouse.io/cloudflare/jobs/7515882?gh_jid=7515882	2026-04-27	greenhouse-api	Senior Named Solutions Engineer, UKI	Cloudflare	added
https://boards.greenhouse.io/cloudflare/jobs/7609741?gh_jid=7609741	2026-04-27	greenhouse-api	Senior OCI and Fusion Administrator	Cloudflare	added
https://boards.greenhouse.io/cloudflare/jobs/7582021?gh_jid=7582021	2026-04-27	greenhouse-api	Senior Partner Solutions Engineer, SAARC (India)	Cloudflare	added
https://boards.greenhouse.io/cloudflare/jobs/6297179?gh_jid=6297179	2026-04-27	greenhouse-api	Senior/Principal Systems Engineer, Workers AI (AI/ML)	Cloudflare	added
https://boards.greenhouse.io/cloudflare/jobs/7006419?gh_jid=7006419	2026-04-27	greenhouse-api	Senior Product Marketing Manager, Cybersecurity	Cloudflare	added
https://boards.greenhouse.io/cloudflare/jobs/7533356?gh_jid=7533356	2026-04-27	greenhouse-api	Senior Professional Services Devops Manager	Cloudflare	added
https://boards.greenhouse.io/cloudflare/jobs/7821913?gh_jid=7821913	2026-04-27	greenhouse-api	Senior Security Engineer - Security Technology Delivery	Cloudflare	added
https://boards.greenhouse.io/cloudflare/jobs/6991269?gh_jid=6991269	2026-04-27	greenhouse-api	Senior Solutions Architect	Cloudflare	added
https://boards.greenhouse.io/cloudflare/jobs/7505995?gh_jid=7505995	2026-04-27	greenhouse-api	Senior Solutions Engineer	Cloudflare	added
https://boards.greenhouse.io/cloudflare/jobs/7767766?gh_jid=7767766	2026-04-27	greenhouse-api	Senior Solutions Engineer 	Cloudflare	added
https://boards.greenhouse.io/cloudflare/jobs/7778747?gh_jid=7778747	2026-04-27	greenhouse-api	Senior Solutions Engineer - Calgary	Cloudflare	added
https://boards.greenhouse.io/cloudflare/jobs/7714390?gh_jid=7714390	2026-04-27	greenhouse-api	Senior Solutions Engineer, Commercial Accounts - Montreal, QC	Cloudflare	added
https://boards.greenhouse.io/cloudflare/jobs/7662538?gh_jid=7662538	2026-04-27	greenhouse-api	Senior Solutions Engineer, Digital Native	Cloudflare	added
https://boards.greenhouse.io/cloudflare/jobs/7380486?gh_jid=7380486	2026-04-27	greenhouse-api	Senior Solutions Engineer, Digital Native Business	Cloudflare	added
https://boards.greenhouse.io/cloudflare/jobs/7518684?gh_jid=7518684	2026-04-27	greenhouse-api	Senior Solutions Engineer - Digital Native Enterprise - West	Cloudflare	added
https://boards.greenhouse.io/cloudflare/jobs/7601630?gh_jid=7601630	2026-04-27	greenhouse-api	Senior Solutions Engineer - Egypt, Kuwait & Bahrain	Cloudflare	added
https://boards.greenhouse.io/cloudflare/jobs/7782508?gh_jid=7782508	2026-04-27	greenhouse-api	Senior Solutions Engineer, Enterprise Accounts - Charlotte or Raleigh, NC	Cloudflare	added
https://boards.greenhouse.io/cloudflare/jobs/7778956?gh_jid=7778956	2026-04-27	greenhouse-api	Senior Solutions Engineer, Enterprise Accounts - Miami	Cloudflare	added
https://boards.greenhouse.io/cloudflare/jobs/7518699?gh_jid=7518699	2026-04-27	greenhouse-api	Senior Solutions Engineer, Enterprise Accounts - NYC	Cloudflare	added
https://boards.greenhouse.io/cloudflare/jobs/7528276?gh_jid=7528276	2026-04-27	greenhouse-api	Senior Solutions Engineering Manager, West	Cloudflare	added
https://boards.greenhouse.io/cloudflare/jobs/7374554?gh_jid=7374554	2026-04-27	greenhouse-api	Senior Solutions Engineer, Majors	Cloudflare	added
https://boards.greenhouse.io/cloudflare/jobs/7812112?gh_jid=7812112	2026-04-27	greenhouse-api	Senior Solutions Engineer, Majors - Chicago, IL	Cloudflare	added
https://boards.greenhouse.io/cloudflare/jobs/7655747?gh_jid=7655747	2026-04-27	greenhouse-api	Senior Solutions Engineer, Majors - Kansas City, MO or St. Louis, MO	Cloudflare	added
https://boards.greenhouse.io/cloudflare/jobs/7520051?gh_jid=7520051	2026-04-27	greenhouse-api	Senior Solutions Engineer, Majors, Philadelphia or Pittsburgh 	Cloudflare	added
https://boards.greenhouse.io/cloudflare/jobs/7551589?gh_jid=7551589	2026-04-27	greenhouse-api	Senior Solutions Engineer, Majors, San Francisco	Cloudflare	added
https://boards.greenhouse.io/cloudflare/jobs/7618422?gh_jid=7618422	2026-04-27	greenhouse-api	Senior Solutions Engineer, Majors - Tampa	Cloudflare	added
https://boards.greenhouse.io/cloudflare/jobs/7406531?gh_jid=7406531	2026-04-27	greenhouse-api	Senior Solutions Engineer - Mid-Market	Cloudflare	added
https://boards.greenhouse.io/cloudflare/jobs/7799134?gh_jid=7799134	2026-04-27	greenhouse-api	Senior Solutions Engineer - Mid-Market - Austin	Cloudflare	added
https://boards.greenhouse.io/cloudflare/jobs/7558268?gh_jid=7558268	2026-04-27	greenhouse-api	Senior Solutions Engineer - Mid-Market - Dallas	Cloudflare	added
https://boards.greenhouse.io/cloudflare/jobs/7786402?gh_jid=7786402	2026-04-27	greenhouse-api	Senior Solutions Engineer - Mid-Market Tampa	Cloudflare	added
https://boards.greenhouse.io/cloudflare/jobs/7518676?gh_jid=7518676	2026-04-27	greenhouse-api	Senior Solutions Engineer, Named Accounts	Cloudflare	added
https://boards.greenhouse.io/cloudflare/jobs/7826822?gh_jid=7826822	2026-04-27	greenhouse-api	Senior Solutions Engineer, Named Accounts - San Francisco	Cloudflare	added
https://boards.greenhouse.io/cloudflare/jobs/7518670?gh_jid=7518670	2026-04-27	greenhouse-api	Senior Solutions Engineer - New England	Cloudflare	added
https://boards.greenhouse.io/cloudflare/jobs/7530475?gh_jid=7530475	2026-04-27	greenhouse-api	Senior Solutions Engineer, Public Sector Federal	Cloudflare	added
https://boards.greenhouse.io/cloudflare/jobs/7526134?gh_jid=7526134	2026-04-27	greenhouse-api	Senior Solutions Engineer, Russian Speaker 	Cloudflare	added
https://boards.greenhouse.io/cloudflare/jobs/7275868?gh_jid=7275868	2026-04-27	greenhouse-api	Senior Solutions Engineer - Russian Speaking	Cloudflare	added
https://boards.greenhouse.io/cloudflare/jobs/7765245?gh_jid=7765245	2026-04-27	greenhouse-api	Senior Solutions Engineer, Shanghai	Cloudflare	added
https://boards.greenhouse.io/cloudflare/jobs/7530553?gh_jid=7530553	2026-04-27	greenhouse-api	Senior Solutions Engineer, SLED	Cloudflare	added
https://boards.greenhouse.io/cloudflare/jobs/7526029?gh_jid=7526029	2026-04-27	greenhouse-api	Senior Solutions Engineer, Ukrainian speaker	Cloudflare	added
https://boards.greenhouse.io/cloudflare/jobs/7261894?gh_jid=7261894	2026-04-27	greenhouse-api	Senior Specialist Solutions Engineer, Zero Trust - Japan	Cloudflare	added
https://boards.greenhouse.io/cloudflare/jobs/7593597?gh_jid=7593597	2026-04-27	greenhouse-api	Senior Strategic Solutions Engineer, Bengaluru	Cloudflare	added
https://boards.greenhouse.io/cloudflare/jobs/7767908?gh_jid=7767908	2026-04-27	greenhouse-api	Senior Strategic Solutions Engineer, Delhi NCR	Cloudflare	added
https://boards.greenhouse.io/cloudflare/jobs/7606636?gh_jid=7606636	2026-04-27	greenhouse-api	Senior Systems Engineer, Cloud App Control	Cloudflare	added
https://boards.greenhouse.io/cloudflare/jobs/7090955?gh_jid=7090955	2026-04-27	greenhouse-api	Senior Systems Engineer, Cloudflare Data Platform	Cloudflare	added
https://boards.greenhouse.io/cloudflare/jobs/7068271?gh_jid=7068271	2026-04-27	greenhouse-api	Senior Systems Engineer, Edge	Cloudflare	added
https://boards.greenhouse.io/cloudflare/jobs/7764827?gh_jid=7764827	2026-04-27	greenhouse-api	Senior Systems Engineer, Workers AI	Cloudflare	added
https://boards.greenhouse.io/cloudflare/jobs/6621615?gh_jid=6621615	2026-04-27	greenhouse-api	Software Engineer, Identity Access Management	Cloudflare	added
https://boards.greenhouse.io/cloudflare/jobs/7505582?gh_jid=7505582	2026-04-27	greenhouse-api	Solutions Architect, AI/Cloudflare Developer Platform 	Cloudflare	added
https://boards.greenhouse.io/cloudflare/jobs/7242551?gh_jid=7242551	2026-04-27	greenhouse-api	Solutions Engineer	Cloudflare	added
https://boards.greenhouse.io/cloudflare/jobs/7593565?gh_jid=7593565	2026-04-27	greenhouse-api	Solutions Engineer 	Cloudflare	added
https://boards.greenhouse.io/cloudflare/jobs/7742347?gh_jid=7742347	2026-04-27	greenhouse-api	Solutions Engineer, Benelux	Cloudflare	added
https://boards.greenhouse.io/cloudflare/jobs/7831414?gh_jid=7831414	2026-04-27	greenhouse-api	Solutions Engineer, Central & Eastern Europe - Czech Speaking	Cloudflare	added
https://boards.greenhouse.io/cloudflare/jobs/7520215?gh_jid=7520215	2026-04-27	greenhouse-api	Solutions Engineering Manager, Commercial -  West	Cloudflare	added
https://boards.greenhouse.io/cloudflare/jobs/7610071?gh_jid=7610071	2026-04-27	greenhouse-api	Solutions Engineer, Nordics	Cloudflare	added
https://boards.greenhouse.io/cloudflare/jobs/7527453?gh_jid=7527453	2026-04-27	greenhouse-api	Systems Engineer, Data	Cloudflare	added
https://boards.greenhouse.io/cloudflare/jobs/7742773?gh_jid=7742773	2026-04-27	greenhouse-api	Systems Engineer, MAPS	Cloudflare	added
https://boards.greenhouse.io/cloudflare/jobs/6673579?gh_jid=6673579	2026-04-27	greenhouse-api	Systems Engineer, Metrics and Alerting	Cloudflare	added
https://boards.greenhouse.io/cloudflare/jobs/7542754?gh_jid=7542754	2026-04-27	greenhouse-api	Systems Engineer, SSL/TLS Team	Cloudflare	added
https://boards.greenhouse.io/cloudflare/jobs/7104011?gh_jid=7104011	2026-04-27	greenhouse-api	Systems Engineer, Workers Authoring and Testing	Cloudflare	added
https://boards.greenhouse.io/cloudflare/jobs/7090232?gh_jid=7090232	2026-04-27	greenhouse-api	Systems Test Engineer - Zero Trust Client	Cloudflare	added
https://boards.greenhouse.io/cloudflare/jobs/6874151?gh_jid=6874151	2026-04-27	greenhouse-api	Threat Advisory Engineer, Solutions Engineering	Cloudflare	added
https://boards.greenhouse.io/cloudflare/jobs/6934200?gh_jid=6934200	2026-04-27	greenhouse-api	Virtual Solutions Engineer, Lisbon 	Cloudflare	added
https://boards.greenhouse.io/cloudflare/jobs/7579269?gh_jid=7579269	2026-04-27	greenhouse-api	Vulnerability Management Engineer	Cloudflare	added
https://job-boards.greenhouse.io/vannevarlabs/jobs/5106734007	2026-04-27	greenhouse-api	DevOps Engineer	Vannevar Labs	added
https://job-boards.greenhouse.io/vannevarlabs/jobs/4172631007	2026-04-27	greenhouse-api	Forward Deployed Engineer - TS/SCI Clearance Required	Vannevar Labs	added
https://job-boards.greenhouse.io/vannevarlabs/jobs/5082044007	2026-04-27	greenhouse-api	Forward Deployed Engineer - TS/SCI Clearance Required (Oahu)	Vannevar Labs	added
https://job-boards.greenhouse.io/vannevarlabs/jobs/5045937007	2026-04-27	greenhouse-api	InfoSec Engineer - Compliance (ATO)	Vannevar Labs	added
https://jobs.lever.co/palantir/a543d82a-a089-4b1c-afd1-4f30d3d8ee23	2026-04-27	lever-api	Administrative Business Partner	Palantir	added
https://jobs.lever.co/palantir/a63092fa-64c0-4c09-b827-bb23a98cb207	2026-04-27	lever-api	Administrative Business Partner - Security	Palantir	added
https://jobs.lever.co/palantir/205c3184-4272-41a9-a1e2-5352d4d00910	2026-04-27	lever-api	Application Security Engineer	Palantir	added
https://jobs.lever.co/palantir/6fa1ad9b-4506-45e4-a476-f4292911a279	2026-04-27	lever-api	Compliance Engineer	Palantir	added
https://jobs.lever.co/palantir/fa93a1f8-dc95-40d0-b5ca-f2aebaab0806	2026-04-27	lever-api	Deployment Strategist - Japan Forward Deployed	Palantir	added
https://jobs.lever.co/palantir/1a53939d-8ffa-4570-b31a-6d0bc53fdb59	2026-04-27	lever-api	Deployment Strategist - Korea Forward Deployed	Palantir	added
https://jobs.lever.co/palantir/51ea4a3b-7764-4c87-96e4-310e19c856d5	2026-04-27	lever-api	DevOps Engineer	Palantir	added
https://jobs.lever.co/palantir/636fc05c-d348-4a06-be51-597cb9e07488	2026-04-27	lever-api	Forward Deployed AI Engineer	Palantir	added
https://jobs.lever.co/palantir/00c2c97b-8514-4617-9883-e53e486b6dcd	2026-04-27	lever-api	Forward Deployed Enablement Engineer - Customer Success	Palantir	added
https://jobs.lever.co/palantir/96a0ce26-cf84-4fa8-934b-acc4363620b2	2026-04-27	lever-api	Forward Deployed Engineer - Mixed Reality	Palantir	added
https://jobs.lever.co/palantir/72e51928-07f0-4be0-aae5-0ae6956a4846	2026-04-27	lever-api	Forward Deployed Infrastructure Engineer - UK Government	Palantir	added
https://jobs.lever.co/palantir/74748e0e-a0bc-4c53-a636-ef14e36d9b5e	2026-04-27	lever-api	Forward Deployed Infrastructure Engineer - US Government	Palantir	added
https://jobs.lever.co/palantir/5a99fe16-1bda-4313-ace2-a11ea6e58f0c	2026-04-27	lever-api	Forward Deployed Reliability Engineer	Palantir	added
https://jobs.lever.co/palantir/22053072-4c22-49c4-8299-28e107ceeb98	2026-04-27	lever-api	Forward Deployed Security Engineer - US Government	Palantir	added
https://jobs.lever.co/palantir/06c7bd36-e24b-4f3a-8b45-1e846ae44095	2026-04-27	lever-api	Forward Deployed Software Engineer	Palantir	added
https://jobs.lever.co/palantir/27bf5707-96fa-460e-8a5b-53bc192ca87b	2026-04-27	lever-api	Forward Deployed Software Engineer  - Edge Autonomous Systems	Palantir	added
https://jobs.lever.co/palantir/8f15d728-99cc-4003-9add-928bd72a7f30	2026-04-27	lever-api	Forward Deployed Software Engineer - AUS Government	Palantir	added
https://jobs.lever.co/palantir/0edf7365-49f0-4263-818a-19409ec4f430	2026-04-27	lever-api	Forward Deployed Software Engineer - Autonomous Systems C2	Palantir	added
https://jobs.lever.co/palantir/215bfcd6-c929-45ae-a11b-3fa59ed78025	2026-04-27	lever-api	Forward Deployed Software Engineer - France Government	Palantir	added
https://jobs.lever.co/palantir/34b3a697-6e22-4751-befd-0b7921abbd5f	2026-04-27	lever-api	Forward Deployed Software Engineer - Intel	Palantir	added
https://jobs.lever.co/palantir/8aba5995-653d-4805-96e8-24488e6abf37	2026-04-27	lever-api	Forward Deployed Software Engineer - Japan Forward Deployed	Palantir	added
https://jobs.lever.co/palantir/12e94938-55cb-4ad9-9c05-405ebc9ef430	2026-04-27	lever-api	Forward Deployed Software Engineer - Japan Government	Palantir	added
https://jobs.lever.co/palantir/a39bf84c-6648-4871-bd07-9b882d401c4c	2026-04-27	lever-api	Forward Deployed Software Engineer - Korea Forward Deployed	Palantir	added
https://jobs.lever.co/palantir/3d0d9d92-0321-4459-a17d-fa1a76636a43	2026-04-27	lever-api	Forward Deployed Software Engineer - Tactical Edge	Palantir	added
https://jobs.lever.co/palantir/57a3f928-e7d3-4037-8196-b38e2f867152	2026-04-27	lever-api	Forward Deployed Software Engineer - UK Government	Palantir	added
https://jobs.lever.co/palantir/289ad049-7b4e-41e3-8a39-146fbeb6fb64	2026-04-27	lever-api	Forward Deployed Software Engineer - US Government	Palantir	added
https://jobs.lever.co/palantir/13f99633-43b5-4459-8e84-25073f257c18	2026-04-27	lever-api	Forward Deployed Software Engineer - Warp Speed	Palantir	added
https://jobs.lever.co/palantir/b4aa51a2-bc43-4d67-bf55-12db7feefb3a	2026-04-27	lever-api	Forward Deployed Software Engineer, New Grad - UK Government	Palantir	added
https://jobs.lever.co/palantir/1124402c-2088-40c6-b6aa-b9ef7777519b	2026-04-27	lever-api	Information Security Engineer	Palantir	added
https://jobs.lever.co/palantir/3c788579-eec7-4897-b446-4afc944e79be	2026-04-27	lever-api	Information Security Engineer - DLP	Palantir	added
https://jobs.lever.co/palantir/1e77a5e8-9843-4516-a186-7c24f0ff07a0	2026-04-27	lever-api	Information Security Engineer - Endpoint	Palantir	added
https://jobs.lever.co/palantir/2127f3af-1fb3-4aa3-9aa1-eb06967e0166	2026-04-27	lever-api	Information Security Engineer - Insider Risk	Palantir	added
https://jobs.lever.co/palantir/caeb42e8-5d44-4114-a912-0de2584d1a75	2026-04-27	lever-api	Information Systems Security Engineer	Palantir	added
https://jobs.lever.co/palantir/666d13c7-c6f0-43fb-a0ab-091c338085dc	2026-04-27	lever-api	Platform Engineer - Identity and Access Management (IAM)	Palantir	added
https://jobs.lever.co/palantir/0f077970-31ad-45b4-ae76-458a134b705f	2026-04-27	lever-api	Product Infrastructure Security Engineer	Palantir	added
https://jobs.lever.co/palantir/211f99dc-269e-4f25-84d3-d73dea782080	2026-04-27	lever-api	Site Reliability Engineer - US Government	Palantir	added
https://jobs.lever.co/palantir/5174e95b-2e0a-46f8-8db7-e2c837a0ac94	2026-04-27	lever-api	Site Reliability Operations Analyst - Commercial	Palantir	added
https://jobs.lever.co/palantir/98bbe55b-f591-4272-a486-d82404d2c576	2026-04-27	lever-api	Site Reliability Operations Analyst - UK Government	Palantir	added
https://jobs.lever.co/palantir/38758e88-5884-4a11-98ac-d23cab51bc7a	2026-04-27	lever-api	Site Reliability Operations Analyst - US Government	Palantir	added
https://jobs.lever.co/palantir/1ec0ff9f-3d9d-43bc-8aa0-005a887513d0	2026-04-27	lever-api	Systems Engineer - Business Systems	Palantir	added
